source,target,weight
begin to jump up,begin to run up,133
begin to run up,fall to the ground,109
begin to jump up,fall to the ground,124
put the melted soap block into the vessel,take out after freezing,54
place label,wipe screen,12
paste protector on the screen,place label,9
paste protector on the screen,remove the label,19
paste protector on the screen,wipe screen again,13
remove the label,wipe screen again,14
connect the water pipe,install the new faucet,25
connect the water pipe,open the sluice and test the new faucet,20
insert money into the vending machine,press the corresponding button,61
insert money into the vending machine,take out the goods,55
press the corresponding button,take out the goods,62
put the ingredients into the bowl,stir the ingredients,109
prepare and add the tea,prepare and boil water,19
heat the teapot and wash the cup,prepare and boil water,2
draw black patterns,ink the marked area,2
ink the marked area,scrape tarpaulin without ink,30
scrape tarpaulin without ink,transfer print,20
ink the marked area,transfer print,100
transfer print,transfer print,20
pack the sleeping bag,tie the bag tightly,39
fold or fire the blank paper,show the blank paper,42
fold or fire the blank paper,show the money to the audience,38
circle the rope under the bolt,cross the rope to wrap the bolt,56
cross the rope to wrap the bolt,cross the rope to wrap the bolt,14
remove the head,remove the vein,9
lighten the lighter to check,pump up the fuel,22
replace the old shower head,wrap the pipe band,25
install the new shower head,wrap the pipe band,51
add seasoning to the boiling water,add seasoning to the boiling water,6
pour the cooked noodles,pour the noodles into the water and stir,43
add seasoning on the salmon,fry salmon,34
fry salmon,fry salmon,8
pump up to the tire,remove the air nozzle,37
take out the filter,take out the shell,65
clean up the filter,take out the shell,3
clean up the filter,take out the filter,4
clean up the filter,fit on the filter,3
clean up the filter,fit on the shell,3
fit on the filter,fit on the shell,64
transfer and dissolve the solute,weigh up the solute,34
transfer and dissolve the solute,transfer and dissolve the solute,13
put the washed rice into the rice cooker,soak and wash the rice,31
cook the rice by rice cooker,put the washed rice into the rice cooker,68
cook the rice by rice cooker,cook the rice by rice cooker,9
install the new wax ring,remove the old wax ring and clean,15
pour the noodles into the water and stir,take a little bit noodles and taste it,8
pour the cooked noodles,take a little bit noodles and taste it,8
add raw materials,mix raw materials,209
mix raw materials,mix raw materials,69
mix raw materials,pour bean paste into plate,24
assemble the cushion and the backrest,install the wheels for the base,45
assemble the cushion and the backrest,connect the chair and the base,90
clean toys and hamster cages,remove the toy and paper bed from the hamster cage,46
clean toys and hamster cages,clean toys and hamster cages,10
add raw materials,add raw materials,30
add raw materials,pour bean paste into plate,13
invert seasoning,mix raw materials,14
invert seasoning,pour bean paste into plate,15
pour the soup in,put the ingredients into the can,46
close cans,pour the soup in,40
lift the barbell directly over the head,stand up with straight legs,65
lift the barbell directly over the head,pull the barbell to the chin,20
pull the barbell to the chin,stand up with straight legs,55
lift the barbell from the chin over the head,stand up with straight legs,59
lift the barbell from the chin over the head,pull the barbell to the chin,63
press the sticker,tear off the front of the sticker,64
press the sticker,press the sticker,7
press the sticker,tear off the other side of the sticker,62
install the new bulb,take out the old bulb,67
remove the old memory chip,take out the shell,62
install the new memory chip,remove the old memory chip,62
fit on the shell,install the new memory chip,60
adjust the tightness of the new string,cut off and remove the old string,2
fix the new string on the head of the guitar,fix the new string on the lower part of the guitar,95
adjust the tightness of the new string,fix the new string on the head of the guitar,54
fix the new string on the head of the guitar,fix the new string on the head of the guitar,20
install the new filter,take out the old filter,44
prepare the filler,put the filler on the bread slice,38
remove the hamster from the hamster cage,remove the toy and paper bed from the hamster cage,24
clean toys and hamster cages,move the toy and paper bed into the hamster cage,50
move the toy and paper bed into the hamster cage,put the hamster back into the hamster cage,17
open cover,remove battery,18
close cover,put battery in,22
press the SIM card slot back,put the SIM card into the SIM card slot,54
check the type of the back cover,open the back cover,26
install the back cover and waterproof ring,replace the battery,54
install the new bolt,install the new pin board,29
install the new bolt,install the new door knob,47
begin to practise karate,march into the area and salute,64
begin to practise karate,exit from the area and salute,79
cover with some soil,sow on the soil,95
pull out the screen connector and remove the screen,unscrew the screws used to fix the screen,67
install the new screen,reset and screw on the screws,46
package and freeze,pour the ingredients into the bowl,20
install the new graphics card,take out the shell,2
plunge into thigh,unplug protection head,21
plunge into thigh,pull out after a period of time,37
glue on the back of the rubber,glue on the paddle,27
cut the rubber,put rubber on paddle,22
load the inner tube,pump up the tire,5
show the blank paper,show the money to the audience,28
make the  detergent,use vacuum cleaner to clean,2
make the  detergent,wet the mop,7
make the  detergent,mop the floor,14
mop the floor,wet the mop,25
clean wall with a clean cloth,wipe wall with detergent,18
arrange the seperated wire,strip the insulation,65
insert it into the crystal head,insert it into the crystal head,1
fixe it with a crimping pliers,insert it into the crystal head,48
clean the window surface,tear off the front of the sticker,16
put the sticker on the window,tear off the front of the sticker,50
press the sticker,put the sticker on the window,46
pour the cooked noodles,pour the cooked noodles,2
add seasoning,add seasoning on the salmon,13
add decoration,add seasoning on the salmon,15
take out the blade,turn off the balde screw,43
install the new blade,turn off the balde screw,20
tighten the blade screw,turn off the balde screw,9
install the new blade,take out the blade,36
take out the blade,tighten the blade screw,12
install the new blade,tighten the blade screw,57
cut the wide side,remove the core,4
cut into strips and pieces,remove the core,47
tear out the foil,turn the suspension link,47
open the bottle carefully,turn the suspension link,46
remove the gill,remove the intestines and blood vessels,8
filtrate the coffee beans,grind the coffee beans,5
open the car key cover,take out the car key battery,22
close the car key cover,put in the battery,27
remove the peel,slice the pulp,51
install the air nozzle,pump up to the tire,37
brush the gesso evenly,pour the gesso to the canvas,33
open the laptop rear cover,remove the old hard disk,49
remove the old hard disk,remove the old hard disk,21
install the new hard disk,remove the old hard disk,43
install the new hard disk,install the new hard disk,17
cut paper,paint on the paper,6
cut paper,fold or bent paper,17
fold or bent paper,put paper together,16
put strawberries and other fruits into the juicer,"put yogurt, honey and other ingredients into the juicer",68
put strawberries and other fruits into the juicer,put strawberries and other fruits into the juicer,9
"put yogurt, honey and other ingredients into the juicer","put yogurt, honey and other ingredients into the juicer",24
"put yogurt, honey and other ingredients into the juicer",shake and juice,51
wear a eye protection helmet,weld along the weld line,17
fold the edges of the paper,fold the squares inward and fix them,28
cut along the edges,fold the edges of the paper,84
fold the edges of the paper,fold the edges of the paper,12
cut along the edges,fold the squares inward and fix them,37
fix and fasten the upper and lower ropes to car,mount the bracket to the back of the car,31
fix and fasten the upper and lower ropes to car,place the bicycle on the bracket,24
fasten the strap,place the bicycle on the bracket,66
open the back cover,replace the battery,52
install the back cover and waterproof ring,install the back cover and waterproof ring,6
pull out the insurance ring,spray towards the fire,62
adjust the tightness of the new string,adjust the tightness of the new string,9
apply polishing paste on the surface,apply polishing paste on the surface,4
apply polishing paste on the surface,clean the scratch,43
clean the window surface,put the sticker on the window,16
tear off the front of the sticker,tear off the other side of the sticker,4
fit on the boards,prepare the ground floor,16
cut the raw boards,fit on the boards,39
prepare the frame,stick or bind flower to the frame,50
cut in half,slice the pulp,22
prepare flower,prepare the frame,43
cut the packing paper,measure the size of the packing paper,10
measure the size of the packing paper,measure the size of the packing paper,3
measure the size of the packing paper,stick with the tape and wrap,6
cut the packing paper,stick with the tape and wrap,17
add raw materials,invert seasoning,2
apply the shampoo or hair conditioner,scratch the hair carefully,87
scratch the hair carefully,wet and wash the hair,87
scratch the hair carefully,scratch the hair carefully,26
wet and wash the hair,wet and wash the hair,26
make the hair dry,wet and wash the hair,12
add ingredients into cone,cone the leaves,32
add ingredients into cone,fold the leaves,42
fold the leaves,tie the zongzi tightly,43
apply detergent to bathtub,scrub the bathtub,48
clean bathtub with water,scrub the bathtub,20
block out the glass,show the glass to the audience,70
block out the glass,show the vanished glass,53
connect the chair and the base,install the wheels for the base,8
clean the floor,dip detergent with rag or apply detergent,33
clean the floor,wash the floor,11
fix the new string on the lower part of the guitar,fix the new string on the lower part of the guitar,11
add tea powder,brew tea and stir,64
bring the frisbee back,chase for the frisbee,105
clean the scratch,clean the scratch,33
paste paper into base of paper basket,stick handle to paper basket,3
put the SIM card into the SIM card slot,use the needle to open the SIM card slot,31
insert oil gun in the car,open the fuel tank cap,30
insert oil gun in the car,operate the control panel,18
insert oil gun in the car,pullthe  oil gun out,12
operate the control panel,pullthe  oil gun out,7
rinse the pot,rub back and forth with potatoes or rust remover,63
apply detergent to leather,wipe the detergent,43
clean the surface,wipe the detergent,56
pour salt and rust removal liquid,pour salt and rust removal liquid,6
pour salt and rust removal liquid,rub back and forth with potatoes or rust remover,44
rub back and forth with potatoes or rust remover,rub back and forth with potatoes or rust remover,34
inject the ink to the cartridge,stick on the label,17
cut potato into strips,soak them in water,33
dry strips,soak them in water,40
put in the oil to fry,soak them in water,8
dry strips,put in the oil to fry,27
install the laptop rear cover,install the new hard disk,45
fry meat,knead the meat,27
combine meat and bread to make burger,fry meat,43
apply glue to the wall and wallpaper,make the glue,2
make the glue,measure and mark the wall,3
measure and mark the wall,paste and level the wallpaper,29
apply glue to the wall and wallpaper,measure and mark the wall,11
apply glue to the wall and wallpaper,paste and level the wallpaper,38
apply glue to the wall and wallpaper,apply glue to the wall and wallpaper,2
crop the wallpaper,paste and level the wallpaper,66
paste and level the wallpaper,paste and level the wallpaper,30
apply glue to the wall and wallpaper,crop the wallpaper,9
rinse the pot,rinse the pot,2
install the SSD onto the hard disk tray,install the SSD onto the hard disk tray,2
insert the hard disk tray into the position of the CD drive,screw off the screws and sheetmetals and baffles on the both sides of the CD drive,5
press book or heat flower,put flower in book,65
put flower in book,take out dry flowers,13
press book or heat flower,take out dry flowers,20
take out dry flowers,use dried flower to place pattern and fix it,5
cut off and remove the old string,fix the new string on the lower part of the guitar,10
add different kinds of ingredients,mix the raw materials,256
add different kinds of ingredients,add different kinds of ingredients,33
mix the raw materials,mix the raw materials,65
install the SSD onto the hard disk tray,install the screws and sheetmetals and baffles onto the hard disk tray,14
install the screws and sheetmetals and baffles onto the hard disk tray,take out the laptop CD drive,5
insert the hard disk tray into the position of the CD drive,take out the laptop CD drive,39
install the motherboard,plug cable and wire,9
install peripherals inside the case,install the motherboard,10
install peripherals inside the case,plug cable and wire,19
prepare flower,stick or bind flower to the frame,33
add some water to the tea,pour the tea into the vessel,17
add some water to the vessel,grind roundly and evenly,33
absorb liquid with dropper,release liquid,52
cut the tarpaulin,scrape tarpaulin without ink,3
add water to Neti Pot,fill a nostril with saline and do the same to the other nostril,6
fill a nostril with saline and do the same to the other nostril,wipe nose,40
fill a nostril with saline and do the same to the other nostril,fill a nostril with saline and do the same to the other nostril,12
apply detergent to the external side,wipe the external side,4
scrub the toilet interior,wipe the external side,6
wipe the external side,wipe the external side,5
connect the chair and the base,connect the chair and the base,2
cut off the tail and fin,scratch scales,8
remove the intestines and blood vessels,scratch scales,4
cut off the tail and fin,remove the intestines and blood vessels,8
cut off the tail and fin,remove the gill,4
cut the head,remove the gill,2
remove the gill,scratch scales,1
cut the head,scratch scales,2
knead together,press the strips in the middle with a board,1
fry the dough,press the strips in the middle with a board,12
hold electrode with a welding tong,weld along the weld line,15
weld along the weld line,weld along the weld line,5
install horizontal boards,install vertical boards,11
install horizontal boards,install horizontal boards,2
assemble the frame,install horizontal boards,23
rise to the sky,ski down from the hill,160
rise to the sky,rise to the sky,100
add milk,brew tea and stir,9
sow on the soil,water and fertilize the seeds,29
apply the lubricant on the lock,insert the key repeatly,52
insert the key repeatly,wipe off the redundant lubricant,10
apply the lubricant on the lock,wipe off the redundant lubricant,10
cut the headphone cable,process the copper wire inside the earphone cable,33
pull out after a period of time,unplug protection head,8
add some oil to the pot,rub back and forth with potatoes or rust remover,19
brush ice floor,push curling,85
add seasoning to the boiling water,pour the noodles into the water and stir,27
cut tiles,wipe adhesive and bedding layer,8
cut tiles,tile the wall,17
tile the wall,wipe adhesive and bedding layer,99
wipe adhesive and bedding layer,wipe adhesive and bedding layer,10
fill the gap,wipe adhesive and bedding layer,1
fill the gap,tile the wall,6
put the new rubber sleeve into the wiper head,take out the old rubber sleeve from the wiper head,4
look for leaks,remove inner tube,24
add decoration,load the dish,11
fill the solution to the mark,pour the solution to the volumetric flask,27
invert the volumetric flask,seal the volumetric flask,18
place the board on each side,place the board on each side,5
place the bed board,place the board on each side,12
place mattress on the bed,place the board on each side,5
bake pizza,unroll the dough,8
add seasoning,unroll the dough,64
add seasoning,bake pizza,50
add seasoning to the boiling water,pour the cooked noodles,3
apply shaving cream to the face,shave roughly on the face,8
shave carefully on the face,shave roughly on the face,12
apply shaving cream to the face,shave carefully on the face,30
pour some glue to the face,wipe the glue to a layer,51
reveal the glue from the face,wipe the glue to a layer,36
install stand of the seat,put on sofa cover,9
install stand of the seat,put every parts mentioned together,4
put every parts mentioned together,put on sofa cover,6
put on sofa cover,put on sofa cover,1
add ingredients into cone,tie the zongzi tightly,21
switch off the power,use electricity meter to check the power supply,4
use electricity meter to check the power supply,use electricity meter to check the power supply,6
apply the cleaning agent with towel evenly,spray the cleaning agent on the car window,40
thread thorugh the needle,twine round the thread,38
thread thorugh the needle,thread thorugh the needle,6
put the melted soap block into the vessel,put the melted soap block into the vessel,14
install the new faucet,open the sluice and test the new faucet,9
mount the bracket to the back of the car,place the bicycle on the bracket,25
fasten the strap,mount the bracket to the back of the car,21
place a piece of paper on weighing pan,zeroing set,20
place weighing sample on weighing pan and read,zeroing set,81
clean the surface,clean the surface,7
polish with polisher,polish with polisher,19
clean the scratch,polish with polisher,48
apply polishing paste on the surface,polish with polisher,50
glue on the paddle,put rubber on paddle,14
place the board on each side,put all bed boxes together,1
place the bed board,put all bed boxes together,1
remove the bolt and pin board,remove the door knob,41
cut into small pieces,put the filler on the bread slice,22
connect branches,cut branches,33
apply detergent to the intertior of the toilet,scrub the toilet interior,23
flush and wash the interior,scrub the toilet interior,28
inject to the muscular,pull out the needle and press,57
fix the candle wick,put the candle wick into a vessel,4
put seasoning in the egg,stir the egg,18
fry eggs,pour the egg into the pot,78
fry eggs,fry eggs,14
replace with the new drumhead,screw on the screws,35
insert the stapler pins,pull open the stapler,38
close up the stapler,pull open the stapler,29
close up the stapler,insert the stapler pins,40
do the first layup,dribble in the field,40
do the first layup,pass the basketball into the hole at the first time,36
do the first layup,shoot towards the basket,13
dribble in the field,pass the basketball into the hole at the first time,131
dribble in the field,shoot towards the basket,109
dribble in the field,pass the basketball into the hole at the second time,43
dribble in the field,dribble in the field,62
pass the basketball into the hole at the first time,shoot towards the basket,60
pass the basketball into the hole at the first time,pass the basketball into the hole at the second time,32
pass the basketball into the hole at the second time,shoot towards the basket,31
shoot towards the basket,shoot towards the basket,3
do the first layup,pass the basketball into the hole at the second time,14
do the first layup,dribble and lay up,10
dribble and lay up,pass the basketball into the hole at the first time,41
dribble and lay up,shoot towards the basket,47
dribble and lay up,dribble in the field,116
dribble and lay up,pass the basketball into the hole at the second time,11
let the flat side of the new needle towards the jack and insert the new needle,unscrew the screw and take out the needle,13
let the flat side of the new needle towards the jack and insert the new needle,screw on the screw,46
install the new bolt,install the new bolt,5
install the new door knob,install the new pin board,25
pour the gesso to the canvas,pour the gesso to the canvas,4
brush the gesso evenly,brush the gesso evenly,4
lay the cushion evenly,set up the brackets,40
put the waterproof cover,set up the brackets,9
fix the ground nail,put the waterproof cover,24
clean up the interior of thepumpkin,remove pumpkin pedicle,30
carve along the outline,clean up the interior of thepumpkin,21
fry or grill,prepare the filler,8
fry or grill,put the filler on the bread slice,39
jack up the car,unscrew the screw,55
jack up the car,jack up the car,10
remove the tire,unscrew the screw,29
put on the tire,unscrew the screw,18
jack up the car,remove the tire,25
jack up the car,put on the tire,14
jack up the car,tighten screws,13
put on the tire,remove the tire,35
remove the tire,tighten screws,29
put on the tire,tighten screws,41
absorb some ink slowly,clean the fountain pen with napkin,22
insert the paperclips into the lock hole,twist the paperclips by hands,136
pull up the hair to reserve place for the hair extensions,put on the hair extensions,139
put down the hair and comb,put on the hair extensions,150
pull up the hair to reserve place for the hair extensions,put down the hair and comb,61
cut out a hole,paste and level the wallpaper,9
paste and level the wallpaper,wipe or polish the wall,15
wipe or polish the wall,wipe or polish the wall,1
apply glue to the wall and wallpaper,wipe or polish the wall,1
peel,slice the pulp,21
peel,peel,2
aim at the pin,push the pin out,92
aim at the pin,remove the old watch band and reconnect,12
push the pin out,remove the old watch band and reconnect,29
put the pin in,remove the old watch band and reconnect,41
push the pin in,put the pin in,44
take out the blade from the old rubber sleeve,take out the old rubber sleeve from the wiper head,6
put the balde into the new rubber sleeve,put the new rubber sleeve into the wiper head,13
fill the pit with some soil,fill the tree into the pit,35
begin to run up,do the first two jumps,72
do the first two jumps,do the third jump,164
cut the rope,knot the rope,26
inflate the tyre after replacement,install the new air nozzle,17
inflate the tyre after replacement,inflate the tyre after replacement,1
remove the shrimp shell,remove the vein,54
install the new door knob,remove the door knob,5
add milk,add tea powder,2
remove the light housing or shell and bulb,remove the light socket and disconnect the wire,22
iron the cloths with the iron,put the clothes neatly on a ironing table,137
iron the cloths with the iron,iron the cloths with the iron,56
flip the clothes repeatly,iron the cloths with the iron,82
flip the clothes repeatly,put the clothes neatly on a ironing table,54
put the clothes neatly on a ironing table,put the clothes neatly on a ironing table,17
stick or bind flower to the frame,stick or bind flower to the frame,9
mix the raw materials,rub and drag the materials,72
install the back cover and waterproof ring,open the back cover,4
apply the cleaning agent with towel evenly,wipe off the cleaning agent,27
fill with some soil,put in the plant,51
put in the plant,put in the plant,10
install the new memory chip,take out the shell,17
fit on the shell,remove the old memory chip,7
dry strips,dry strips,3
draw black patterns,transfer pattern to board or tarpaulin,8
draw lines to mark the hole,drill with an electric drill,9
install the new chain,link the new chain,8
decorate with fruit,pour into the ingredients,10
cut the raw materials,nail down or stick together,32
move the toy and paper bed into the hamster cage,remove the toy and paper bed from the hamster cage,28
fix the wind mill on the bracket,fold the squares inward and fix them,32
nail down or stick together,thread and make knots,7
install the new shower head,replace the old shower head,14
cut into strips and pieces,peel,12
install the bulb and light housing or shell,remove the light socket and disconnect the wire,2
open the front door or cover of the printer,take out the toner cartridge,45
close the front door or cover of the printer,insert a new toner cartridge,55
install the wiper back,take out the wiper,53
cover with some soil,water and fertilize the seeds,36
apply a cover on the soil,water and fertilize the seeds,11
load the inner tube,load the tire,20
cut up the garlics,smash the garlics with the knife face,40
cut up the garlics,cut up the garlics,10
blow the raw sugar,knead the raw sugar,33
soak and wash the rice,take out some rice,34
cut a hole on the shell,take out the shell,11
cut a hole on the shell,prepare and boil water,11
clean the inside of the button,wipe the keyboard,8
heat the back cover of the phone,pick up the back cover of the phone with the cymbal,10
pick up the back cover of the phone with the cymbal,pick up the back cover of the phone with the cymbal,3
pick up the back cover of the phone with the cymbal,remove the components of the fixed battery,20
remove the components of the fixed battery,take down the old battery,14
put inner tube back,remove inner tube,7
pre-swing,rotate body and accelerate the hammer,114
pre-swing,throw the hammer out,92
rotate body and accelerate the hammer,throw the hammer out,158
begin to run up,do the third jump,65
do the first two jumps,do the first two jumps,38
do the third jump,do the third jump,25
show the glass to the audience,show the vanished glass,23
block out the glass,block out the glass,13
pour the egg into the bowl,pour the egg into the pot,1
fry eggs,pour the egg into the bowl,1
pour the tea into the vessel,pour the tea into the vessel,2
heat the teapot and wash the cup,pour the tea into the vessel,3
add some ingredients to the tea,add some water to the tea,2
add some water to the tea,add some water to the tea,7
buckle the cap,put lead into the pen,13
add seasoning on the salmon,add seasoning on the salmon,4
rinse the dish,wipe the dish,23
fasten the strap,fix and fasten the upper and lower ropes to car,24
load a new battery,remove the components of the fixed battery,2
load a new battery,take down the old battery,24
restore the fixed battery components and the back cover,take down the old battery,3
load a new battery,restore the fixed battery components and the back cover,26
put strawberries and other fruits into the juicer,shake and juice,37
make the clothes wet,put the clothes neatly on a ironing table,4
flip the clothes repeatly,make the clothes wet,2
flip the clothes repeatly,flip the clothes repeatly,6
scrub the bathtub,scrub the bathtub,11
put in the battery,take out the car key battery,21
cut off the electric wire,remove the old rearview mirror,37
remove the old rearview mirror,remove the old rearview mirror,3
pre-swing,pre-swing,14
rotate body and accelerate the hammer,rotate body and accelerate the hammer,46
throw the hammer out,throw the hammer out,25
dig some holes on the soil,sow on the soil,25
pour some soy beans,pour some water to the soy milk maker,17
pour some water to the soy milk maker,run the soy milk maker,22
filtrate with a filter,pour into a glass,15
apply detergent,mop the floor,27
mop the floor,mop the floor,10
set up the brackets,set up the platfond,34
put the waterproof cover,set up the platfond,9
apply the shampoo or hair conditioner,wet and wash the hair,58
apply the shampoo or hair conditioner,apply the shampoo or hair conditioner,9
install peripherals inside the case,install the fan,10
install the fan,plug cable and wire,5
fix the ground nail,set up the brackets,29
fix the ground nail,set up the platfond,24
fix the ground nail,fix the ground nail,4
line up the protector and the cellphone,paste protector on the screen,80
knead the dough,unroll the dough,25
add seasoning,knead the dough,8
mix and pickle,prepare seasonings and side dishes,42
prepare seasonings and side dishes,prepare seasonings and side dishes,11
roast ingredients,string together,27
dig a pit with proper size,fill the tree into the pit,20
add seasoning,fry salmon,17
fry salmon,load the dish,13
add decoration,fry salmon,7
arrange the seperated wire,cut a certain length,55
arrange the seperated wire,insert it into the crystal head,34
cut a certain length,insert it into the crystal head,49
remove cap,remove cap,1
buckle the cap,buckle the cap,1
apply a cover on the soil,cover with some soil,6
dig some holes on the soil,water and fertilize the seeds,4
put the washed rice into the rice cooker,take out some rice,15
install the light shell/housing/support,install the new bulb,39
insert a new toner cartridge,take out the toner cartridge,32
put nicely and align the quilt and the cover,roll the quilt cover and the quilt together,23
roll the quilt cover and the quilt together,take out the quilt cover from another side,29
put and arrange nicely,take out the quilt cover from another side,31
carve along the outline,remove pumpkin pedicle,7
assemble the cushion and the backrest,assemble the cushion and the backrest,31
open the lid of new container,put in a new grease container,28
open the lid of new container,screw gun head back,18
install the new toilet seat,take out the screws,5
install the new toilet seat,screw on the screws,48
insert the earplugs into the ears,pull the ears outwards,24
open up the cover,take out the fuse,8
fit on the fuse,take out the fuse,15
close up the cover,fit on the fuse,9
remove the original protector,wipe the screen,84
line up the protector and the cellphone,remove the original protector,56
line up the protector and the cellphone,wipe the screen,61
paste protector on the screen,wipe the screen,64
wipe the screen,wipe the screen,43
add water into the volumetric flask to the tick line,transfer and dissolve the solute,28
open the back cover,open the back cover,4
take out the plant,take out the plant,7
put in the plant,take out the plant,56
install the new screen,pull out the screen connector and remove the screen,31
peel,remove the core,8
mix raw materials,pour raw materials,134
add ice cubes,put strawberries and other fruits into the juicer,18
add ice cubes,"put yogurt, honey and other ingredients into the juicer",13
close the fuel tank cap,pullthe  oil gun out,17
cut off the tail and fin,cut the head,6
cut ingredients,put the ingredients into the bowl,69
cut ingredients,cut ingredients,15
cut ingredients,stir the ingredients,8
fold or bent the paper,nail down or stick together,65
apply the lubricant on the lock,apply the lubricant on the lock,14
install legs of sofa,place cushion and backrest,16
drive the car backward,drive the car forward,35
adjust front and back position,drive the car backward,28
fry meat,fry meat,9
add a small amount of salt to Neti Pot,shake and stir,13
fill a nostril with saline and do the same to the other nostril,shake and stir,15
make the detergent,scrub the bathtub,10
add seasoning,add seasoning,17
pick up the back cover of the phone with the cymbal,take down the old battery,11
install the light socket,remove the light socket and disconnect the wire,6
cross the rope to wrap the bolt,strain the rope tightly,10
remove the cap of the new filter,take out the old filter,20
install the new filter,remove the cap of the new filter,22
fill with some soil,take out the plant,18
insert or put on the shin guard,put on the shin guard sleeves or football socks,48
put on the shin guard sleeves or football socks,wrap on the tape,8
prepare the soil carefully,sow on the soil,16
prepare the soil carefully,water and fertilize the seeds,6
dig some holes on the soil,prepare the soil carefully,6
add some oil to the pot,pour salt and rust removal liquid,5
add some oil to the pot,rinse the pot,2
place license plate,screw and fix the cover,43
slice the pulp,slice the pulp,8
prepare meat,prepare seasonings and side dishes,24
mix and pickle,prepare meat,20
mix and pickle,mix and pickle,6
mix and pickle,string together,25
prepare seasonings and side dishes,string together,5
prepare seasonings and side dishes,roast ingredients,4
decorate the wrapped gift,stick with the tape and wrap,35
cut branches,wind the junction to fasten the connection,19
connect branches,wind the junction to fasten the connection,30
cut the raw materials,fold or bent the paper,59
add water into the volumetric flask to the tick line,add water into the volumetric flask to the tick line,2
add water into the volumetric flask to the tick line,transfer the solution and label,4
lift the barbell directly over the head,squat and hold the barbell,25
lift the barbell directly over the head,put down the barbell,39
put down the barbell,stand up with straight legs,56
lift the barbell from the chin over the head,put down the barbell,44
lift the barbell directly over the head,lift the barbell from the chin over the head,11
put the waterproof cover,put the waterproof cover,4
cut in half,cut off the edge,6
cut off the edge,dig out the seeds with spoon,2
cut in half,dig out the seeds with spoon,13
dig out the seeds with spoon,slice the pulp,11
release liquid,release liquid,9
screw off the screws used to fix the switch,use electricity meter to check the power supply,5
reset the switch and screw on the screws used to fix the switch,reset the switch and screw on the screws used to fix the switch,14
put the ingredients into the bowl,put the ingredients into the bowl,16
cut the old chain,take old chain away,7
install the air nozzle,screw off the valve cap and open the valve,21
tear off the front of the sticker,tear off the front of the sticker,2
cut off and remove the old string,cut off and remove the old string,1
adjust the tightness of the new string,fix the new string on the lower part of the guitar,11
insert oil gun in the car,insert oil gun in the car,9
put the quilt on the bed,put the sheet on the bed,22
insert the pillow into the pillow cover,put the quilt on the bed,13
insert the pillow into the pillow cover,put the pillow on the bed,17
cut the raw materials,draw pictures on the materials,6
draw pictures on the materials,nail down or stick together,6
put the candle in the lantern,thread and make knots,2
thread and make knots,thread and make knots,2
cut both ends and remove fruit seeds,remove the peel,38
inject the ink to the cartridge,inject the ink to the cartridge,6
fold or bent paper,measure and mark,9
pour the soup in,pour the soup in,6
put on the hair extensions,put on the hair extensions,29
put a slice of bread in,run the toaster and adjust,37
put a slice of bread in,put a slice of bread in,1
remove the original protector,remove the original protector,5
add some cleaner to clean and wet the lenses and take out the lenses,wet and wash hands,13
add some cleaner to clean and wet the lenses and take out the lenses,wear the  contact lenses,26
dip detergent with rag,scrub the bathtub,9
apply the shampoo or hair conditioner,comb the hair with a comb,12
comb the hair with a comb,comb the hair with a comb,7
cut the old chain,link the new chain,7
pave the box bottom with paper scraps,set different kinds of hamster toys,28
cut branches,cut branches,10
cut a certain length,strip the insulation,5
insert it into the crystal head,strip the insulation,3
cut a certain length,fixe it with a crimping pliers,16
expand the flag,raise the national flag,40
draw an outline,remove pumpkin pedicle,6
carve along the outline,draw an outline,23
carve along the outline,place light into pumpkin,6
fit on the filter,take out the filter,48
apply detergent to the intertior of the toilet,flush and wash the interior,10
flush and wash the interior,flush and wash the interior,2
put the ingredients into the can,put the ingredients into the can,9
fry eggs,pour the egg onto the plate,39
add seasoning on the salmon,load the dish,13
use the air pressure gun or hair drier to flatten the wrapper,wrap with the new wrapper,24
put the thread on the spool,twine round the thread,34
look for leaks,put inner tube back,10
hang the ironed clothes,iron the cloths with the iron,8
pour in after mix it,pour into the ingredients,28
clean the hamster box,pave the box bottom with paper scraps,7
put the hamster into the hamster cage,set different kinds of hamster toys,7
load the inner tube,remove the inner tube,6
screw off the screws used to fix the switch,screw off the screws used to fix the switch,4
reset the switch and screw on the screws used to fix the switch,use screwdriver or electirc screwdriver to screw the wire in the wall into the screw of the new switch,6
apply some glue on the borads,fit on the boards,68
fit on the boards,fit on the boards,28
install the new toilet seat,remove the old toilet seat,8
pull up the hair to reserve place for the hair extensions,pull up the hair to reserve place for the hair extensions,10
add some water to the tea,prepare and boil water,5
pour the tea into the vessel,prepare and boil water,3
add some water to the tea,prepare and add the tea,9
pour the tea into the vessel,prepare and add the tea,6
inflate the tyre after replacement,remove the air nozzle,2
pull the ears outwards,roll and rub the earplugs,15
strip the insulation,strip the insulation,4
arrange the seperated wire,fixe it with a crimping pliers,8
wipe wall with detergent,wipe wall with detergent,4
apply cleaning agent,wipe wall with detergent,12
apply cleaning agent,clean wall with a clean cloth,22
cut the raw boards,knock in the nails,4
fit on the boards,knock in the nails,33
install the new graphics card,install the new graphics card,5
prepare adhesive,wipe adhesive and bedding layer,6
tile the wall,tile the wall,15
check ground and layout planning,tile the wall,6
check ground and layout planning,cut tiles,5
fill the gap,fill the gap,2
weigh up the solute,weigh up the solute,9
cut a hole on the shell,fry or roast or braise,24
fry or roast or braise,take out the shell,29
fold or bent the paper,measure and label the lantern,16
cut the raw materials,measure and label the lantern,15
check the breath of the patient,check the pulse of the patient,8
check the pulse of the patient,check the pulse of the patient,1
do artificial breathing to the patient,press the chest of the patient,157
use the body wash,wash the body wash away,41
cut in half,peel,9
melt the sugar,soak sugar gourd in sugar,25
reset and screw on the screws,reset and screw on the screws,21
wipe the detergent,wipe the detergent,11
install the fan,install the motherboard,24
paste protector on the screen,remove the original protector,54
close cans,put the ingredients into the can,25
connect the wire again,install the light socket,19
install the bulb and light housing or shell,install the light socket,28
flip the clothes repeatly,hang the ironed clothes,1
apply detergent to bathtub,clean bathtub with water,10
wear the  contact lenses,wet and wash hands,4
wear the  contact lenses,wear the  contact lenses,22
fill the solution to the mark,seal the volumetric flask,6
fill the solution to the mark,invert the volumetric flask,25
pour the egg into the bowl,stir the egg,19
install the new chain,take old chain away,11
add baking soda to the sink hole,add vinegar to the sink hole,43
add vinegar to the sink hole,turn on the water tap to wash,5
pour the ingredients into the bowl,stir the mixture,177
stir the mixture,stir the mixture,32
pour the ingredients into the bowl,pour the ingredients into the bowl,31
knot the rope,show the whole rope again,80
transfer pattern to board or tarpaulin,transfer pattern to board or tarpaulin,2
set up the platfond,set up the platfond,3
collect blood,disinfect,6
install the screws and sheetmetals and baffles onto the hard disk tray,screw off the screws and sheetmetals and baffles on the both sides of the CD drive,11
install the screws and sheetmetals and baffles onto the hard disk tray,install the screws and sheetmetals and baffles onto the hard disk tray,1
insert the hard disk tray into the position of the CD drive,install the screws and sheetmetals and baffles onto the hard disk tray,17
cut potato into strips,dry strips,9
apply some glue on the borads,prepare the ground floor,4
open the lid of new container,take out old grease container,1
screw gun head back,take out old grease container,2
put in a new grease container,screw gun head back,15
apply a cover on the soil,sow on the soil,3
aim at the pin,aim at the pin,7
push the pin in,remove the old watch band and reconnect,28
install head of the bed,place the board on each side,14
place mattress on the bed,place the bed board,10
absorb some ink slowly,take off the shell,15
clean weld line with a hammer,weld along the weld line,17
open cover,put battery in,15
close cover,open cover,12
scrub the toilet interior,scrub the toilet interior,15
apply detergent to the external side,scrub the toilet interior,2
wet and wash the hair,wrap the hair by hands,17
juice the oranges,pour the orange juice into the cup,26
close the sluice and empty and disconnect the water pipe,connect the water pipe,6
remove the light shell/housing/support,take out the old bulb,37
install the new bulb,remove the light shell/housing/support,20
put down the hair and comb,put down the hair and comb,7
cut off the edge,peel,5
dig out the seeds with spoon,peel,5
install the new air nozzle,remove the air nozzle,34
pour into the ingredients,pour into the ingredients,25
pour into the ingredients,shake the mixture,33
pour in after mix it,shake the mixture,26
collect blood,pull out the needle and press with cotton,26
put the sample to be measured on the balance,put the weight until the balance is balanced,32
exit from the area and salute,march into the area and salute,2
apply toothpaste or other cleaning agent to scratch,wipe the scratch with cloth,38
apply toothpaste or other cleaning agent to scratch,wipe the toothpaste,5
wipe the scratch with cloth,wipe the toothpaste,16
wipe the scratch with cloth,wipe the scratch with cloth,5
show the glass to the audience,show the glass to the audience,11
show the vanished glass,show the vanished glass,4
apply cleaning agent,apply cleaning agent,7
pour raw materials,pour raw materials,32
pour raw materials,shape cookie,12
mix raw materials,shape cookie,17
put the quilt on the bed,put the quilt on the bed,2
put the pillow on the bed,put the quilt on the bed,23
open the bottle carefully,open the bottle carefully,10
install the new wax ring,take down the closestool,5
insert the earplugs into the ears,roll and rub the earplugs,23
install the new bulb,install the new bulb,5
bent the paperclips by hands,insert the paperclips into the lock hole,19
lift the barbell directly over the head,lift the barbell directly over the head,24
stand up with straight legs,stand up with straight legs,11
soak them in water,soak them in water,12
cut the rope,cut the rope,2
cut into strips and pieces,cut into strips and pieces,6
put seasoning in the egg,put seasoning in the egg,4
hold electrode with a welding tong,wear a eye protection helmet,6
package and freeze,stir the mixture,29
flush and wash the interior,wipe the external side,3
apply detergent to the intertior of the toilet,wipe the external side,2
fix window board,install window panel,14
place board at the bottom,place the board on each side,5
place board at the bottom,place the bed board,1
place board at the bottom,place mattress on the bed,2
run the soy milk maker,run the soy milk maker,2
filtrate with a filter,run the soy milk maker,6
fill the tree into the pit,fill the tree into the pit,3
fill the pit with some soil,fill the pit with some soil,11
cover injury with bandage,wind legs with bandage,24
remove the light housing or shell and bulb,remove the light housing or shell and bulb,9
connect the wire again,install the bulb and light housing or shell,12
remove the old graphics card,take out the shell,5
correct the balance zero,put the sample to be measured on the balance,10
remove the air nozzle,tighten the valve and screw on the valve cap,20
put in the battery,put in the battery,1
disinfect,tie the tourniquet,7
begin to practise karate,begin to practise karate,3
blow the raw sugar,paint on sugar,20
bring the frisbee back,bring the frisbee back,24
install fan frame,install fan tray,10
install fan tray,install fan tray,2
connect the wire again,connect the wire again,1
cut oranges,juice the oranges,22
pour the noodles into the water and stir,pour the noodles into the water and stir,2
place a piece of paper on weighing pan,place weighing sample on weighing pan and read,10
prepare a vacant vessel,put the melted soap block into the vessel,6
prepare a vacant vessel,prepare a vacant vessel,1
prepare a vacant vessel,take out after freezing,4
push the pin in,push the pin in,4
paste protector on the screen,wipe screen,35
install the closestool again,install the new wax ring,14
fold or bent paper,fold or bent paper,5
paint on the paper,put paper together,4
pump up to the tire,screw off the valve cap and open the valve,13
pump up to the tire,tighten the valve and screw on the valve cap,14
use electricity meter to check the power supply,use screwdriver or electirc screwdriver to release the wire in the wall from the switch,2
use screwdriver or electirc screwdriver to release the wire in the wall from the switch,use screwdriver or electirc screwdriver to release the wire in the wall from the switch,1
reset the switch and screw on the screws used to fix the switch,use screwdriver or electirc screwdriver to release the wire in the wall from the switch,2
knead together,pour raw materials,6
cut into strips,knead together,3
"process (crop, fold) paper",stick handle to paper basket,29
pump up the tire,remove the tire,3
load the tire,pump up the tire,8
install the air nozzle,remove the air nozzle,10
remove the air nozzle,screw off the valve cap and open the valve,3
rub and drag the materials,rub and drag the materials,20
add different kinds of ingredients,rub and drag the materials,67
lighten the lighter to check,press the fuel nozzle,14
melt the wax with water,pour the wax into the vessel,18
pull out the insurance ring,spray experimentally to check,9
spray experimentally to check,spray towards the fire,10
check the breath of the patient,press the chest of the patient,35
knead the dough,knead the dough,9
unroll the dough,unroll the dough,15
fall to the ground,ski down from the hill,43
fall to the ground,rise to the sky,69
rise to the sky,ski up from the hill,65
fall to the ground,ski up from the hill,13
fall to the ground,fall to the ground,30
pull the barbell to the chin,pull the barbell to the chin,13
lift the barbell from the chin over the head,squat and hold the barbell,16
squat and hold the barbell,stand up with straight legs,27
add water to Neti Pot,shake and stir,17
screw off the screws,screw on the screws,7
screw off the screws,screw off the screws,4
remove the drumhead,screw off the screws,15
replace with the new drumhead,screw off the screws,7
remove the drumhead,replace with the new drumhead,15
remove the drumhead,screw on the screws,8
spray the cleaning agent on the car window,wipe off the cleaning agent,6
process the copper wire inside the earphone cable,wrap in foil paper,11
remove the toy and paper bed from the hamster cage,remove the toy and paper bed from the hamster cage,10
insert a new toner cartridge,insert a new toner cartridge,13
comb the hair with a comb,scratch the hair carefully,12
place gasket at injury,wind bandage around head,16
knot at the end of the bandage,wind bandage around head,39
drill with an electric drill,find the position of the hole,13
use the needle to open the SIM card slot,use the needle to open the SIM card slot,1
put the washed rice into the rice cooker,put the washed rice into the rice cooker,10
press the chest of the patient,press the chest of the patient,37
check the breath of the patient,do artificial breathing to the patient,46
do artificial breathing to the patient,do artificial breathing to the patient,22
put in the oil to fry,put in the oil to fry,16
look for leaks,use sandpaper/metal to polish rubber near leak,23
paste patch,put inner tube back,16
drill in the wall,drill in the wall,2
drill in the wall,install two shelves,17
install two shelves,place crossbar on shelves,12
hang up curtains,install two shelves,12
hang up curtains,place crossbar on shelves,9
pour salt and rust removal liquid,rinse the pot,12
install the new graphics card,remove the old graphics card,14
shave carefully on the face,shave carefully on the face,15
shave carefully on the face,wipe up the face,19
mop the floor,sweep the floor,1
sweep the floor,use vacuum cleaner to clean,1
mop the floor,use vacuum cleaner to clean,6
install the light shell/housing/support,take out the old bulb,13
disinfect the injecting place,inject to the muscular,22
ink the marked area,ink the marked area,12
pour into a glass,run the soy milk maker,4
put battery in,remove battery,10
reconnect the electric wire,reinstall the rearview mirror,37
install the insulated shim,remove the old wrapper,2
install the insulated shim,wrap with the new wrapper,3
sow on the soil,sow on the soil,6
add raw materials,put materials into mold,15
mix raw materials,put materials into mold,29
mix raw materials,take out chocolate,11
put materials into mold,take out chocolate,20
replace the battery,replace the battery,13
remove the label,wipe screen,6
get an iron prepared,iron the cloths with the iron,11
fold the squares inward and fix them,fold the squares inward and fix them,4
absorb liquid with dropper,calibrate the liquid,34
calibrate the liquid,release liquid,31
install armrest on sofa,install legs of sofa,7
string together,string together,3
measure and label the lantern,nail down or stick together,9
nail down or stick together,put the candle in the lantern,1
get an iron prepared,make the clothes wet,2
get an iron prepared,put the clothes neatly on a ironing table,8
iron the cloths with the iron,make the clothes wet,4
clean the window surface,press the sticker,5
cut into strips and pieces,cut the flesh,16
put the sticker on the window,tear off the other side of the sticker,15
install sponge strip,install window panel,3
fix window board,install sponge strip,3
check the foreign matter in the mouse,press the chest of the patient,1
check the foreign matter in the mouse,do artificial breathing to the patient,2
install peripherals inside the case,install peripherals inside the case,11
cut along the edges,cut along the edges,6
assemble the frame,install vertical boards,8
clean up and soak,cut a hole on the shell,16
clean up and soak,fry or roast or braise,8
buckle the cap,remove cap,13
put the SIM card into the SIM card slot,put the SIM card into the SIM card slot,1
clean wall with a clean cloth,use a hair dryer to blow hot wall,28
wind legs with bandage,wind legs with bandage,5
scrape tarpaulin without ink,transfer pattern to board or tarpaulin,6
polish the floor,wash the floor,5
put nicely and align the quilt and the cover,take out the quilt cover from another side,9
pour the egg into the bowl,put seasoning in the egg,5
screw off the screws and sheetmetals and baffles on the both sides of the CD drive,take out the laptop CD drive,9
install the SSD onto the hard disk tray,screw off the screws and sheetmetals and baffles on the both sides of the CD drive,3
begin to jump up,begin to jump up,33
begin to run up,begin to run up,25
run the toaster and adjust,take out the slice of bread,16
cut off the electric wire,reconnect the electric wire,12
open the car key cover,put in the battery,3
close the car key cover,take out the car key battery,4
cut a hole on the shell,cut a hole on the shell,9
pour the egg into the pot,pour the egg into the pot,4
bent the paperclips by hands,squeeze the paperclips by hands,13
brush sauce or sprinkle seasoning,prepare seasonings and side dishes,1
push curling,push curling,4
brush ice floor,brush ice floor,8
wipe screen,wipe screen,10
insert money into the vending machine,insert money into the vending machine,7
cut in half,remove the peel,12
pour the orange juice into the cup,pour the orange juice into the cup,1
juice the oranges,juice the oranges,12
place label,place label,1
peel off the garlics,smash the garlics with the knife face,25
cut up the garlics,peel off the garlics,24
remove the drumhead,remove the drumhead,1
close the sluice and empty and disconnect the water pipe,take down the closestool,5
close the sluice and empty and disconnect the water pipe,remove the old wax ring and clean,2
remove the old wax ring and clean,take down the closestool,5
connect the water pipe,take down the closestool,1
connect the water pipe,remove the old wax ring and clean,1
apply detergent,wash the floor,13
twist the paperclips by hands,twist the paperclips by hands,19
remove the head,remove the shrimp shell,25
remove the shrimp shell,remove the tail,8
remove the tail,remove the vein,8
draw black patterns,draw black patterns,5
deflate the tyre first,inflate the tyre after replacement,1
cut oranges,pour the orange juice into the cup,4
pour raw materials,stir raw materials,22
knead together,stir raw materials,10
cut into strips,flatten the dough,14
flatten the dough,press the strips in the middle with a board,1
cut into strips,press the strips in the middle with a board,7
install the air nozzle,tighten the valve and screw on the valve cap,1
insert the key repeatly,insert the key repeatly,12
hold the gun end and let the gun head aim at the tag brand,trigger and take out the needle head,23
install fan tray,install fans and lights,11
clean inner wall of container,place weighing sample on weighing pan and read,9
place license plate cover,screw and fix the cover,17
place license plate,place license plate cover,7
screw and fix the cover,screw and fix the cover,5
take off the shell,take off the shell,6
clean the fountain pen with napkin,take off the shell,1
apply detergent to bathtub,make the detergent,5
line up for admission,raise the national flag,12
expand the flag,line up for admission,13
install vertical boards,install vertical boards,2
insert the quilt into the quilt cover,put the sheet on the bed,7
insert the quilt into the quilt cover,put the quilt on the bed,11
adjust front and back position,drive the car forward,7
adjust front and back position,adjust front and back position,1
drive the car backward,drive the car backward,3
raise the jack up,set the underprop,35
let the jack down,set the underprop,8
cut off the edge,slice the pulp,2
take out some rice,take out some rice,1
take out the old bulb,take out the old bulb,3
reinstall the rearview mirror,remove the old rearview mirror,7
heat the pot,rub back and forth with potatoes or rust remover,7
add some oil to the pot,heat the pot,12
heat the pot,heat the pot,1
paste patch,use sandpaper/metal to polish rubber near leak,16
stir the egg,stir the egg,6
fix the candle wick,pour the wax into the vessel,14
install the new bolt,remove the door knob,4
cut into small pieces,prepare the filler,1
install the new screen,install the new screen,8
move the toy and paper bed into the hamster cage,move the toy and paper bed into the hamster cage,15
press the SIM card slot back,use the needle to open the SIM card slot,15
decorate the ice cream,pour the ingredients into the bowl,5
fit on the shell,install the new graphics card,6
remove the shrimp shell,remove the shrimp shell,8
insert the glue needle,remove the protecting cover of the gun head,9
pump up the fuel,pump up the fuel,8
unscrew the screws used to fix the screen,unscrew the screws used to fix the screen,7
wipe screen,wipe screen again,2
wipe screen again,wipe screen again,4
combine meat and bread to make burger,combine meat and bread to make burger,7
apply detergent to leather,clean the surface,12
raise the national flag,raise the national flag,7
draw black patterns,scrape tarpaulin without ink,13
fit on the filter,press the resetting button,3
fit on the shell,press the resetting button,10
load the inner tube,load the inner tube,1
add ice cubes,shake and juice,11
bake cookies,shape cookie,12
install the new bolt,remove the bolt and pin board,9
remove the bolt and pin board,remove the bolt and pin board,12
drill in the wall,place crossbar on shelves,6
drill in the wall,hang up curtains,4
knead together,knead together,1
flatten the dough,knead together,6
install the sofa back,put every parts mentioned together,5
install legs of sofa,put every parts mentioned together,10
ski down from the hill,ski up from the hill,49
ski down from the hill,ski down from the hill,49
ski up from the hill,ski up from the hill,3
prepare the frame,prepare the frame,9
scratch scales,scratch scales,2
correct the balance zero,put the weight until the balance is balanced,9
screw on the screws,screw on the screws,19
put the filler on the bread slice,put the filler on the bread slice,1
stir the ingredients,stir the ingredients,9
arrange the seperated wire,arrange the seperated wire,8
cut potato into strips,put in the oil to fry,2
remove the components of the fixed battery,remove the tape of the fixed battery,10
remove the tape of the fixed battery,take down the old battery,8
put on new tape,take down the old battery,2
load a new battery,put on new tape,4
melt the soap block,put the melted soap block into the vessel,19
cook the rice by rice cooker,take out some rice,2
cook the rice by rice cooker,soak and wash the rice,8
take out the toner cartridge,take out the toner cartridge,8
shave roughly on the face,shave roughly on the face,13
apply shaving cream to the face,wipe up the face,8
do facial care carefully,wipe up the face,7
insert the stapler pins,insert the stapler pins,2
clean the inside of the button,pick up the button,5
call emergency number,press the chest of the patient,1
cover with some soil,dig some holes on the soil,11
cover with some soil,prepare the soil carefully,2
fix the candle wick,melt the wax with water,8
fry or roast or braise,fry or roast or braise,8
take out the shell,take out the shell,4
cut the rope,show the whole rope again,25
place weighing sample on weighing pan and read,place weighing sample on weighing pan and read,6
install the laptop rear cover,install the laptop rear cover,9
pour into the ingredients,stir the mixture,25
pass the basketball into the hole at the first time,pass the basketball into the hole at the first time,2
push the pin out,put the pin in,8
mix and pickle,roast ingredients,1
hold the gun end and let the gun head aim at the tag brand,insert the glue needle,16
smash the garlics with the knife face,smash the garlics with the knife face,14
fill the pit with some soil,pour water to the tree,21
install the new pin board,install the new pin board,6
install the new door knob,install the new door knob,6
collect blood,tie the tourniquet,4
load a new battery,remove the tape of the fixed battery,1
fill with some soil,fill with some soil,5
melt the wax with water,put the candle wick into a vessel,2
melt the wax with water,melt the wax with water,7
melt the wax with water,wait for the candle until concretion,5
pour the wax into the vessel,wait for the candle until concretion,24
apply detergent,use vacuum cleaner to clean,1
use vacuum cleaner to clean,wash the floor,3
mop the floor,wash the floor,18
pull the ears outwards,pull the ears outwards,1
install the bulb and light housing or shell,remove the light housing or shell and bulb,22
install the bulb and light housing or shell,install the bulb and light housing or shell,8
assemble the frame,assemble the frame,3
solder the headset cable to the Bluetooth module,wrap in copper wire,1
let the jack down,raise the jack up,13
install two shelves,install two shelves,4
cut both ends and remove fruit seeds,cut both ends and remove fruit seeds,2
check the breath of the patient,check the breath of the patient,7
install the motherboard,install the motherboard,4
cut the raw boards,cut the raw boards,2
install fan frame,install fans and lights,9
install the light socket,install the light socket,2
install armrest on sofa,put on sofa cover,7
press the fuel nozzle,press the fuel nozzle,4
press the fuel nozzle,pump up the fuel,19
pour the solution to the volumetric flask,seal the volumetric flask,6
pull the barbell to the chin,put down the barbell,45
cut off and remove the old string,fix the new string on the head of the guitar,3
apply glue,look for leaks,7
look for leaks,paste patch,8
apply glue,use sandpaper/metal to polish rubber near leak,22
apply glue,paste patch,25
apply glue,put inner tube back,2
pour into a glass,pour some water to the soy milk maker,4
absorb liquid with dropper,absorb liquid with dropper,5
comb the hair with a comb,wet and wash the hair,6
pin the hair with some hairpins,wet and wash the hair,18
comb the hair with a comb,pin the hair with some hairpins,3
apply the shampoo or hair conditioner,pin the hair with some hairpins,4
pin the hair with some hairpins,scratch the hair carefully,8
scratch the hair carefully,wrap the hair by hands,6
open the fuel tank cap,open the fuel tank cap,3
open the bottle carefully,tear out the foil,9
heat the teapot and wash the cup,prepare and add the tea,4
connect the water pipe,install the closestool again,4
invert the volumetric flask,pour the solution to the volumetric flask,16
fill the gap,prepare adhesive,5
cut the tarpaulin,ink the marked area,1
cut the tarpaulin,transfer print,2
clean the floor,polish the floor,4
apply the cleaning agent with towel evenly,apply the cleaning agent with towel evenly,7
add a small amount of salt to Neti Pot,add water to Neti Pot,20
cut both ends and remove fruit seeds,slice the pulp,6
line up the protector and the cellphone,line up the protector and the cellphone,2
pick up the button,power off,3
pick up the button,pick up the button,4
wipe the toothpaste,wipe the toothpaste,3
fry the dough,fry the dough,1
pull out a lock lever at bottom of gun,unscrew gun head,12
put in a new grease container,unscrew gun head,5
screw gun head back,"try to press gun head, spray residual old grease",17
install the wiper back,put the new rubber sleeve into the wiper head,6
ajust the chain length,install the new chain,3
ajust the chain length,link the new chain,4
connect the wire again,remove the light socket and disconnect the wire,5
run the toaster and adjust,run the toaster and adjust,2
invert the volumetric flask,invert the volumetric flask,3
install armrest on sofa,install stand of the seat,9
place cushion and backrest,put on sofa cover,9
add decoration,add decoration,2
remove the head,remove the tail,1
bake cookies,mix raw materials,2
cut the headphone cable,wrap in foil paper,3
add a small amount of salt to Neti Pot,fill a nostril with saline and do the same to the other nostril,7
install armrest on sofa,install the sofa back,6
open the lid of new container,pull out a lock lever at bottom of gun,8
add some water to the tea,heat the teapot and wash the cup,9
add some ingredients to the tea,heat the teapot and wash the cup,2
pick up the button,wipe the keyboard,1
close the front door or cover of the printer,close the front door or cover of the printer,1
push the pin out,push the pin out,7
install armrest on sofa,install armrest on sofa,1
install legs of sofa,install the sofa back,20
check the type of the back cover,check the type of the back cover,2
add a small amount of salt to Neti Pot,add a small amount of salt to Neti Pot,2
put the pillow on the bed,put the sheet on the bed,12
set up the brackets,set up the brackets,6
fold or bent the paper,fold or bent the paper,11
pour some glue to the face,reveal the glue from the face,7
operate the control panel,operate the control panel,4
show the money to the audience,show the money to the audience,3
close the fuel tank cap,operate the control panel,2
put the thread on the spool,thread thorugh the needle,2
unscrew the screw,unscrew the screw,6
press the corresponding button,press the corresponding button,5
take out the goods,take out the goods,6
add baking soda to the sink hole,add hot water to the sink hole,10
add hot water to the sink hole,add vinegar to the sink hole,16
add hot water to the sink hole,turn on the water tap to wash,6
move the toy and paper bed into the hamster cage,remove the hamster from the hamster cage,3
combine meat and bread to make burger,knead the meat,4
cut the headphone cable,cut the headphone cable,9
process the copper wire inside the earphone cable,process the copper wire inside the earphone cable,7
process the copper wire inside the earphone cable,solder the headset cable to the Bluetooth module,6
solder the headset cable to the Bluetooth module,wrap in foil paper,7
decorate with fruit,pour in after mix it,11
cut the rubber,glue on the paddle,2
add detergent and make bubble,wipe the dish,10
add detergent and make bubble,rinse the dish,7
load the tire,remove the tire,23
put a slice of bread in,take out the slice of bread,15
cut both ends and remove fruit seeds,cut in half,6
remove the peel,remove the peel,8
tighten screws,unscrew the screw,17
fill the tree into the pit,pour water to the tree,5
show the whole rope again,show the whole rope again,13
screw on the screw,screw on the screw,2
disinfect the injecting place,pull out the needle and press,2
cut the flesh,peel,1
melt the soap block,melt the soap block,4
melt the soap block,prepare a vacant vessel,5
melt the soap block,take out after freezing,3
cut the rubber,glue on the back of the rubber,4
melt the sugar,string the fruit together,12
close up the cover,open up the cover,4
clean toys and hamster cages,remove the hamster from the hamster cage,4
screw gun head back,screw gun head back,2
dip detergent with rag or apply detergent,wash the floor,3
clean up the interior of thepumpkin,draw an outline,13
take out the old rubber sleeve from the wiper head,take out the wiper,3
take out the blade from the old rubber sleeve,take out the wiper,1
put the balde into the new rubber sleeve,take out the wiper,1
put the balde into the new rubber sleeve,take out the old rubber sleeve from the wiper head,5
put the balde into the new rubber sleeve,take out the blade from the old rubber sleeve,3
put the new rubber sleeve into the wiper head,take out the blade from the old rubber sleeve,1
roast ingredients,roast ingredients,6
brush sauce or sprinkle seasoning,roast ingredients,2
add some ingredients to the tea,pour the tea into the vessel,2
apply detergent to the intertior of the toilet,apply detergent to the intertior of the toilet,4
flip the clothes repeatly,get an iron prepared,3
screw off the screws and sheetmetals and baffles on the both sides of the CD drive,screw off the screws and sheetmetals and baffles on the both sides of the CD drive,1
pull out a lock lever at bottom of gun,put in a new grease container,9
open the lid of new container,open the lid of new container,5
apply some glue on the borads,apply some glue on the borads,8
pave the box bottom with paper scraps,pave the box bottom with paper scraps,2
pave the box bottom with paper scraps,put the hamster into the hamster cage,3
check ground and layout planning,wipe adhesive and bedding layer,4
remove the inner tube,remove the tire,17
load the tire,remove the inner tube,6
load the inner tube,remove the tire,3
use the body wash,use the body wash,12
check ground and layout planning,prepare adhesive,2
prepare adhesive,tile the wall,4
cut tiles,cut tiles,2
cut the packing paper,cut the packing paper,7
open the sluice and test the new faucet,open the sluice and test the new faucet,3
soak sugar gourd in sugar,soak sugar gourd in sugar,3
use screwdriver or electirc screwdriver to screw the wire in the wall into the screw of the new switch,use screwdriver or electirc screwdriver to screw the wire in the wall into the screw of the new switch,9
close cover,remove battery,4
pour the wax into the vessel,put the candle wick into a vessel,11
inject the ink to the cartridge,take out the label,10
flatten the dough,fry the dough,3
pour the egg into the pot,stir the egg,10
connect air conditioners and windows,fix window board,14
nail down or stick together,nail down or stick together,12
absorb some ink slowly,absorb some ink slowly,3
lighten the lighter to check,lighten the lighter to check,8
remove the tire,unload the wheel,9
load the tire,load the wheel,1
paste protector on the screen,paste protector on the screen,13
bent the paperclips by hands,twist the paperclips by hands,17
cut the packing paper,decorate the wrapped gift,3
clean inner wall of container,zeroing set,2
clean the wall,paste and level the wallpaper,4
deflate the tyre first,remove the air nozzle,2
wear a eye protection helmet,wear a eye protection helmet,1
install the new pin board,remove the bolt and pin board,7
grind roundly and evenly,grind roundly and evenly,9
put the sheet on the bed,put the sheet on the bed,7
insert the pillow into the pillow cover,put the sheet on the bed,7
prepare meat,roast ingredients,1
cut the wide side,peel,3
apply the shampoo or hair conditioner,wrap the hair by hands,3
screw on the screw,unscrew the screw and take out the needle,3
knock in the nails,knock in the nails,1
clean wall with a clean cloth,clean wall with a clean cloth,14
use a hair dryer to blow hot wall,use a hair dryer to blow hot wall,5
fry the dough,pour raw materials,1
cut the bandage,wind legs with bandage,20
install armrest on sofa,put every parts mentioned together,5
stir raw materials,stir raw materials,1
paint on sugar,paint on sugar,4
decorate with fruit,decorate with fruit,2
install head of the bed,place the bed board,3
prepare and boil water,prepare and boil water,2
add some ingredients to the tea,prepare and add the tea,5
pull the barbell to the chin,squat and hold the barbell,30
cut the tarpaulin,transfer pattern to board or tarpaulin,1
fit on the filter,take out the shell,12
clean the surface,polish with polisher,3
remove the light shell/housing/support,remove the light shell/housing/support,2
fix the wind mill on the bracket,fix the wind mill on the bracket,1
install the sofa back,place cushion and backrest,10
remove the vein,remove the vein,7
pump up to the tire,pump up to the tire,2
turn the suspension link,turn the suspension link,3
put down the barbell,squat and hold the barbell,25
put and arrange nicely,put and arrange nicely,4
apply the shampoo or hair conditioner,make the hair dry,4
insert the paperclips into the lock hole,squeeze the paperclips by hands,4
cone the leaves,fold the leaves,8
cut into small pieces,fry or grill,13
squeeze the paperclips by hands,twist the paperclips by hands,2
insert the paperclips into the lock hole,insert the paperclips into the lock hole,4
tighten screws,tighten screws,8
use dried flower to place pattern and fix it,use dried flower to place pattern and fix it,2
put in a new grease container,"try to press gun head, spray residual old grease",5
"process (crop, fold) paper","process (crop, fold) paper",3
open the fuel tank cap,operate the control panel,9
put dish in dishwasher,rinse the dish,1
rinse the dish,take dish out,1
bring the frisbee back,catch the frisbee with mouse,12
catch the frisbee with mouse,chase for the frisbee,65
ink the marked area,transfer pattern to board or tarpaulin,1
cut the flesh,remove the core,9
crop the wallpaper,measure and mark the wall,13
crop the wallpaper,crop the wallpaper,3
knot at the end of the bandage,knot at the end of the bandage,3
add tea powder,prepare tea pots and tea bowls,1
insert a new toner cartridge,open the front door or cover of the printer,4
close the front door or cover of the printer,open the front door or cover of the printer,3
peel off the garlics,peel off the garlics,6
hang up curtains,hang up curtains,2
aim at the pin,put the pin in,3
aim at the pin,push the pin in,2
push the pin in,push the pin out,2
filtrate with a filter,pour some water to the soy milk maker,1
install the door,remove surface of the door,1
close the sluice and empty and disconnect the water pipe,remove the old faucet,6
close the sluice and empty and disconnect the water pipe,install the new faucet,3
install the new faucet,remove the old faucet,2
put the new rubber sleeve into the wiper head,put the new rubber sleeve into the wiper head,1
spray towards the fire,spray towards the fire,7
install the new hard disk,open the laptop rear cover,1
install the laptop rear cover,remove the old hard disk,1
wait for the candle until concretion,wait for the candle until concretion,3
put the hamster back into the hamster cage,remove the hamster from the hamster cage,1
paste paper into base of paper basket,"process (crop, fold) paper",10
cut a certain length,cut a certain length,1
install armrest on sofa,place cushion and backrest,3
check the pulse of the patient,press the chest of the patient,10
fit on the shell,take out the filter,6
fix the candle wick,fix the candle wick,1
place label,remove the label,3
apply toothpaste or other cleaning agent to scratch,apply toothpaste or other cleaning agent to scratch,1
dig a pit with proper size,dig a pit with proper size,1
dig a pit with proper size,pour water to the tree,4
dig a pit with proper size,fill the pit with some soil,3
make the clothes wet,make the clothes wet,1
pour water to the tree,pour water to the tree,3
brew the coffee beans,filtrate the coffee beans,13
scrape tarpaulin without ink,scrape tarpaulin without ink,10
pour the solution to the volumetric flask,pour the solution to the volumetric flask,6
remove the old watch band and reconnect,remove the old watch band and reconnect,1
connect air conditioners and windows,install sponge strip,2
open the laptop rear cover,open the laptop rear cover,10
fit on the shell,take out the shell,5
take down the closestool,take down the closestool,1
prepare meat,string together,1
paste patch,remove inner tube,1
load the wheel,unload the wheel,1
install legs of sofa,put on sofa cover,3
wind bandage around head,wind bandage around head,3
install peripherals inside the case,install peripherals outside the case,1
install peripherals outside the case,plug cable and wire,1
install the SSD onto the hard disk tray,take out the laptop CD drive,4
glue on the back of the rubber,put rubber on paddle,8
do facial care carefully,shave roughly on the face,2
remove the core,remove the core,2
clean the scratch,clean the surface,1
clean the inside of the button,clean the inside of the button,4
pull out the screen connector and remove the screen,pull out the screen connector and remove the screen,6
check the type of the back cover,replace the battery,3
pour the wax into the vessel,pour the wax into the vessel,10
ink the marked area,mark the area that needs to be inked,2
put the new rubber sleeve into the wiper head,take out the wiper,1
set different kinds of hamster toys,set different kinds of hamster toys,3
clean the hamster box,clean the hamster box,3
prepare and add the tea,prepare and add the tea,2
boil water or coffee,filtrate the coffee beans,2
press the strips in the middle with a board,press the strips in the middle with a board,6
screw off the screws used to fix the switch,use screwdriver or electirc screwdriver to release the wire in the wall from the switch,4
check the old chain,take old chain away,2
dip detergent with rag or apply detergent,make the detergent,1
clean the floor,make the detergent,2
wrap in foil paper,wrap in foil paper,2
cut the old chain,install the new chain,2
install the new chain,install the new chain,2
wipe nose,wipe nose,3
put on the shin guard sleeves or football socks,put on the shin guard sleeves or football socks,7
crop the wallpaper,cut out a hole,1
knot the rope,knot the rope,9
add seasoning,load the dish,4
add decoration,add seasoning,3
exit from the area and salute,exit from the area and salute,1
place cushion and backrest,put every parts mentioned together,6
install the insulated shim,install the insulated shim,1
install the insulated shim,use the air pressure gun or hair drier to flatten the wrapper,3
install the new shower head,install the new shower head,4
carve along the outline,carve along the outline,1
apply glue to the wall and wallpaper,dip the glue,5
crop the wallpaper,wipe or polish the wall,6
fit on the fuse,open up the cover,1
transfer and dissolve the solute,transfer the solution and label,3
calibrate the liquid,calibrate the liquid,5
plug cable and wire,plug cable and wire,2
put flower in book,put flower in book,13
cut the raw materials,cut the raw materials,4
remove the old toilet seat,take out the screws,9
screw on the screws,take out the screws,3
cut the bread,prepare the filler,2
cut the bread,fry or grill,1
check the old chain,link the new chain,5
apply a cover on the soil,apply a cover on the soil,1
line up for admission,line up for admission,2
make the hair dry,make the hair dry,3
bake pizza,knead the dough,2
rinse the dish,rinse the dish,1
decorate with fruit,stir the mixture,5
put the weight until the balance is balanced,put the weight until the balance is balanced,1
load the inner tube,load the wheel,4
cone the leaves,tie the zongzi tightly,6
fold the leaves,fold the leaves,3
tie the zongzi tightly,tie the zongzi tightly,1
squat and hold the barbell,squat and hold the barbell,5
clean the window surface,tear off the other side of the sticker,2
comb the hair with a comb,make the hair dry,5
look for leaks,look for leaks,3
paste patch,paste patch,1
add some oil to the pot,add some oil to the pot,3
wash the body wash away,wash the body wash away,4
press book or heat flower,press book or heat flower,5
reinstall the rearview mirror,reinstall the rearview mirror,3
load a new battery,pick up the back cover of the phone with the cymbal,1
fill with some soil,trim the plant carefully,1
install new glass on window lift,remove old glass from window lift,3
glue on window frame,install new glass on window lift,5
glue on window frame,remove old glass from window lift,2
check the breath of the patient,check the foreign matter in the mouse,3
add some ingredients in the coffee,filtrate the coffee beans,4
clean the floor,clean the floor,5
connect the water pipe,install the new wax ring,1
reconnect the electric wire,reconnect the electric wire,1
close the fuel tank cap,open the fuel tank cap,6
cut out a hole,measure and mark the wall,2
pour the egg into the pot,put seasoning in the egg,3
fry eggs,put seasoning in the egg,11
install stand of the seat,install the sofa back,8
install legs of sofa,install stand of the seat,5
install stand of the seat,place cushion and backrest,9
blow the raw sugar,blow the raw sugar,3
install the new filter,install the new filter,3
remove the old memory chip,remove the old memory chip,1
knead the meat,knead the meat,3
clean up and soak,take out the shell,3
fry or roast or braise,prepare and boil water,7
prepare and boil water,take out the shell,2
stick on the label,take out the label,2
apply cleansing milk to the face,shave roughly on the face,4
apply cleansing milk to the face,apply cleansing milk to the face,1
apply cleansing milk to the face,shave carefully on the face,1
do facial care carefully,shave carefully on the face,11
load the tire,load the tire,4
install the new toilet seat,install the new toilet seat,3
apply cleansing milk to the face,apply shaving cream to the face,2
pull out a lock lever at bottom of gun,screw gun head back,1
pull out a lock lever at bottom of gun,"try to press gun head, spray residual old grease",1
check the old chain,install the new chain,2
cut off the electric wire,reinstall the rearview mirror,1
load the wheel,pump up the tire,4
take out the battery,unscrew the screws used to fix the screen,1
fill the solution to the mark,fill the solution to the mark,1
wash the floor,wash the floor,4
put materials into mold,put materials into mold,2
dribble and lay up,dribble and lay up,2
flatten the dough,pour raw materials,1
flatten the dough,stir raw materials,3
brew tea and stir,brew tea and stir,5
install the sofa back,put on sofa cover,2
brew the coffee beans,brew the coffee beans,4
filtrate the coffee beans,filtrate the coffee beans,1
insert the glue needle,trigger and take out the needle head,1
hold the gun end and let the gun head aim at the tag brand,hold the gun end and let the gun head aim at the tag brand,3
install the light shell/housing/support,remove the light shell/housing/support,6
install the light shell/housing/support,install the light shell/housing/support,2
pour some soy beans,run the soy milk maker,7
draw pictures on the materials,put the candle in the lantern,1
open the lid of new container,unscrew gun head,3
roll and rub the earplugs,roll and rub the earplugs,1
insert the earplugs into the ears,insert the earplugs into the ears,1
chase for the frisbee,chase for the frisbee,36
catch the frisbee with mouse,catch the frisbee with mouse,14
remove the intestines and blood vessels,remove the intestines and blood vessels,2
inject to the muscular,inject to the muscular,1
remove the inner tube,unload the wheel,1
decorate the ice cream,stir the mixture,1
put lead into the pen,remove cap,5
insert the pillow into the pillow cover,insert the pillow into the pillow cover,2
put the pillow on the bed,put the pillow on the bed,1
remove the components of the fixed battery,remove the components of the fixed battery,5
add some cleaner to clean and wet the lenses and take out the lenses,add some cleaner to clean and wet the lenses and take out the lenses,1
pick up the back cover of the phone with the cymbal,remove the tape of the fixed battery,1
turn off the balde screw,turn off the balde screw,2
put inner tube back,use sandpaper/metal to polish rubber near leak,1
clean weld line with a hammer,wear a eye protection helmet,1
stick with the tape and wrap,stick with the tape and wrap,4
decorate the wrapped gift,decorate the wrapped gift,5
fix and fasten the upper and lower ropes to car,fix and fasten the upper and lower ropes to car,2
cut the head,remove the intestines and blood vessels,6
cover with some soil,cover with some soil,5
transfer the solution and label,weigh up the solute,1
fry eggs,stir the egg,3
add ingredients into cone,add ingredients into cone,1
disinfect the injecting place,fill the injection head,4
reconnect the electric wire,remove the old rearview mirror,2
open cover,open cover,1
add detergent and make bubble,add detergent and make bubble,4
wipe up the face,wipe up the face,2
fold or bent paper,paint on the paper,5
glue on the back of the rubber,glue on the back of the rubber,3
install fan bracket,install fan tray,7
install fans and lights,install fans and lights,6
heat the pot,rinse the pot,4
knock in the nails,prepare the ground floor,4
remove old glass from window lift,remove surface of the door,1
cut into strips and pieces,cut the wide side,1
fix the candle wick,wait for the candle until concretion,4
prepare meat,prepare meat,3
use the air pressure gun or hair drier to flatten the wrapper,use the air pressure gun or hair drier to flatten the wrapper,3
solder the headset cable to the Bluetooth module,solder the headset cable to the Bluetooth module,1
put on new tape,remove the components of the fixed battery,1
raise the jack up,remove the underprop,4
let the jack down,remove the underprop,7
apply glue to the wall and wallpaper,clean the wall,3
clean the wall,measure and mark the wall,2
clean the wall,clean the wall,1
lift the barbell from the chin over the head,lift the barbell from the chin over the head,9
remove the head,remove the head,1
collect blood,collect blood,2
cut into strips,stir raw materials,1
fry the dough,stir raw materials,1
cut into strips,fry the dough,16
remove the door knob,remove the door knob,4
install the new door knob,remove the bolt and pin board,4
fix the ground nail,lay the cushion evenly,6
link the new chain,take old chain away,1
plunge into thigh,plunge into thigh,1
pull out after a period of time,pull out after a period of time,1
install the new pin board,remove the door knob,3
cut up the garlics,pour some salt to the garlics,8
shake and juice,shake and juice,6
close cans,close cans,1
switch off the power,switch off the power,1
remove inner tube,use sandpaper/metal to polish rubber near leak,2
insert the glue needle,insert the gun head,3
hold the gun end and let the gun head aim at the tag brand,insert the gun head,1
put the candle wick into a vessel,put the candle wick into a vessel,1
wind the junction to fasten the connection,wind the junction to fasten the connection,1
make the hair dry,scratch the hair carefully,6
prepare the soil carefully,prepare the soil carefully,3
add raw materials,take out chocolate,6
crop the wallpaper,loosen the outer cover of a switch or socket,1
crop the wallpaper,stuff the wallpaper into the loose outer cover,2
loosen the outer cover of a switch or socket,stuff the wallpaper into the loose outer cover,1
draw pictures on the materials,fold or bent the paper,5
check the pulse of the patient,do artificial breathing to the patient,4
cut potato into strips,cut potato into strips,5
lay the cushion evenly,set up the platfond,4
apply polishing paste on the surface,clean the surface,1
load the wheel,load the wheel,1
connect air conditioners and windows,install window panel,3
boil water or coffee,grind the coffee beans,2
install the closestool again,remove the old wax ring and clean,1
wipe the glue to a layer,wipe the glue to a layer,2
pour some glue to the face,pour some glue to the face,3
apply some glue on the borads,cut the raw boards,1
apply some glue on the borads,knock in the nails,5
cut into strips,cut into strips,1
remove the old wrapper,remove the old wrapper,1
put down the barbell,put down the barbell,4
add water into the volumetric flask to the tick line,weigh up the solute,3
crop the wallpaper,dip the glue,2
apply cleansing milk to the face,do facial care carefully,1
open the sluice and test the new faucet,remove the old faucet,1
remove the components of the fixed battery,restore the fixed battery components and the back cover,1
attach tape to the edge of the paddle,put rubber on paddle,1
attach tape to the edge of the paddle,cut the rubber,3
make the detergent,wash the floor,1
dip detergent with rag,make the detergent,4
install head of the bed,install head of the bed,1
fix the wind mill on the bracket,fold the edges of the paper,1
take out the slice of bread,take out the slice of bread,2
open the car key cover,open the car key cover,2
soak sugar gourd in sugar,string the fruit together,4
cut the flesh,cut the flesh,1
take out after freezing,take out after freezing,1
prepare flower,prepare flower,7
measure and mark,put paper together,2
pour in after mix it,stir the mixture,5
apply detergent to the external side,apply detergent to the external side,1
check the old chain,cut the old chain,1
loosen the outer cover of a switch or socket,paste and level the wallpaper,2
cut out a hole,loosen the outer cover of a switch or socket,2
paste and level the wallpaper,tighten the outer cover of the switch or socket,2
cut out a hole,tighten the outer cover of the switch or socket,2
insert the gun head,remove the protecting cover of the gun head,1
insert the pillow into the pillow cover,insert the quilt into the quilt cover,1
wipe off the cleaning agent,wipe off the cleaning agent,1
apply detergent to bathtub,dip detergent with rag,2
dip the glue,paste and level the wallpaper,3
spray the cleaning agent on the car window,spray the cleaning agent on the car window,1
apply cleansing milk to the face,wipe up the face,3
add some ingredients in the coffee,boil water or coffee,3
add some ingredients in the coffee,brew the coffee beans,1
draw an outline,place light into pumpkin,2
apply detergent,apply detergent,2
remove the tire,remove the tire,2
replace with the new drumhead,replace with the new drumhead,2
comb the hair with a comb,wrap the hair by hands,1
make the hair dry,wrap the hair by hands,4
insert or put on the shin guard,insert or put on the shin guard,4
pour some salt to the garlics,smash the garlics with the knife face,4
install stand of the seat,install stand of the seat,1
put in a new grease container,put in a new grease container,1
remove the old toilet seat,screw on the screws,4
measure and mark the wall,measure and mark the wall,3
clean up the ground,lay the cushion evenly,1
install the new screen,unscrew the screws used to fix the screen,1
cut the bread,put the filler on the bread slice,2
link the new chain,link the new chain,1
glue on the paddle,glue on the paddle,1
put the thread on the spool,put the thread on the spool,1
press the SIM card slot back,press the SIM card slot back,1
fold or fire the blank paper,fold or fire the blank paper,1
put on the tire,put on the tire,1
install legs on the bed,place the board on each side,1
install legs on the bed,place the bed board,1
ajust the chain length,check the old chain,1
measure and mark,measure and mark,1
cut paper,measure and mark,4
wash the floor,wet the mop,2
let the flat side of the new needle towards the jack and insert the new needle,let the flat side of the new needle towards the jack and insert the new needle,1
wrap in copper wire,wrap in foil paper,4
twine round the thread,twine round the thread,1
cut paper,put paper together,4
install peripherals outside the case,install the fan,1
hold the gun end and let the gun head aim at the tag brand,remove the protecting cover of the gun head,2
put the candle wick into a vessel,wait for the candle until concretion,2
clean inner wall of container,place a piece of paper on weighing pan,1
check the foreign matter in the mouse,check the pulse of the patient,1
add baking soda to the sink hole,turn on the water tap to wash,2
put on new tape,remove the tape of the fixed battery,2
put on new tape,restore the fixed battery components and the back cover,1
restore the fixed battery components and the back cover,restore the fixed battery components and the back cover,1
remove the light socket and disconnect the wire,remove the light socket and disconnect the wire,1
put the pin in,put the pin in,1
install sponge strip,install sponge strip,1
boil water or coffee,brew the coffee beans,2
circle the rope under the bolt,circle the rope under the bolt,3
fixe it with a crimping pliers,strip the insulation,1
grind the coffee beans,grind the coffee beans,1
pin the hair with some hairpins,wrap the hair by hands,6
take out dry flowers,take out dry flowers,2
remove the air nozzle,remove the air nozzle,2
install the new air nozzle,install the new air nozzle,1
insert or put on the shin guard,wrap on the tape,2
fill the injection head,inject to the muscular,4
use sandpaper/metal to polish rubber near leak,use sandpaper/metal to polish rubber near leak,1
put every parts mentioned together,put every parts mentioned together,2
add some water to the vessel,add some water to the vessel,1
decorate the wrapped gift,measure the size of the packing paper,1
open up the cover,open up the cover,1
place the bicycle on the bracket,place the bicycle on the bracket,1
fasten the strap,fasten the strap,1
insert the hard disk tray into the position of the CD drive,install the SSD onto the hard disk tray,1
bake pizza,bake pizza,1
wrap the hair by hands,wrap the hair by hands,2
pour the egg into the pot,pour the egg onto the plate,2
add vinegar to the sink hole,add vinegar to the sink hole,1
wipe the dish,wipe the dish,2
prepare the ground floor,prepare the ground floor,1
shake and stir,shake and stir,1
add some ingredients in the coffee,grind the coffee beans,1
put and arrange nicely,roll the quilt cover and the quilt together,5
put and arrange nicely,put nicely and align the quilt and the cover,1
soak and wash the rice,soak and wash the rice,1
take out old grease container,unscrew gun head,3
screw off the valve cap and open the valve,screw off the valve cap and open the valve,1
screw off the screws used to fix the switch,switch off the power,2
trigger and take out the needle head,trigger and take out the needle head,1
apply detergent to the external side,apply detergent to the intertior of the toilet,1
clean the hamster box,set different kinds of hamster toys,1
put nicely and align the quilt and the cover,turn over the quilt cover,1
apply shaving cream to the face,apply shaving cream to the face,4
apply shaving cream to the face,do facial care carefully,2
raise the jack up,raise the jack up,3
set the underprop,set the underprop,1
connect the wire again,remove the light housing or shell and bulb,1
clean up and soak,prepare and boil water,1
pullthe  oil gun out,pullthe  oil gun out,1
clean the wall,wipe or polish the wall,2
close the fuel tank cap,insert oil gun in the car,4
remove the gill,remove the gill,2
dip detergent with rag or apply detergent,dip detergent with rag or apply detergent,2
clean up the interior of thepumpkin,place light into pumpkin,1
connect the water pipe,connect the water pipe,2
pull out a lock lever at bottom of gun,pull out a lock lever at bottom of gun,1
open the lid of new container,"try to press gun head, spray residual old grease",1
glue on the paddle,remove old rubber and glue,1
remove old lamp fixed support,remove old lamp fixed support,1
cut tiles,prepare adhesive,1
measure and mark,paint on the paper,2
loosen the outer cover of a switch or socket,measure and mark the wall,1
measure and mark the wall,stuff the wallpaper into the loose outer cover,1
cut out a hole,stuff the wallpaper into the loose outer cover,1
stuff the wallpaper into the loose outer cover,tighten the outer cover of the switch or socket,1
paste and level the wallpaper,stuff the wallpaper into the loose outer cover,1
close switch,install fan tray,2
dip the glue,measure and mark the wall,1
dip the glue,wipe or polish the wall,1
peel off the garlics,pour some salt to the garlics,2
draw lines to mark the hole,find the position of the hole,3
measure and mark the wall,wipe or polish the wall,1
apply detergent to bathtub,apply detergent to bathtub,1
clean bathtub with water,clean bathtub with water,1
wipe off the redundant lubricant,wipe off the redundant lubricant,1
close switch,remove old lamp fixed cover,1
close switch,remove old lamp fixed support,1
remove old lamp fixed cover,remove old lamp fixed support,1
pull out a lock lever at bottom of gun,take out old grease container,2
put in a new grease container,take out old grease container,1
use screwdriver or electirc screwdriver to release the wire in the wall from the switch,use screwdriver or electirc screwdriver to screw the wire in the wall into the screw of the new switch,3
install the new blade,install the new blade,1
open the front door or cover of the printer,open the front door or cover of the printer,1
close the front door or cover of the printer,take out the toner cartridge,2
screw gun head back,unscrew gun head,1
add some ingredients to the tea,prepare and boil water,1
add some ingredients to the tea,add some ingredients to the tea,1
carve along the outline,clean the pumpkin,1
install fan bracket,install fans and lights,1
make the detergent,make the detergent,1
clean bathtub with water,make the detergent,1
measure and label the lantern,measure and label the lantern,1
remove the tape of the fixed battery,remove the tape of the fixed battery,1
install legs on the bed,place mattress on the bed,1
fry or grill,fry or grill,1
glue on the back of the rubber,remove old rubber and glue,1
make the  detergent,wash the floor,2
wet the mop,wet the mop,2
reveal the glue from the face,reveal the glue from the face,1
add tea powder,add tea powder,1
close up the stapler,close up the stapler,1
add water to Neti Pot,wipe nose,1
add a small amount of salt to Neti Pot,wipe nose,1
adjust the balance to the horizontal position,correct the balance zero,1
paint on the paper,paint on the paper,1
cut paper,cut paper,1
filtrate with a filter,pour some soy beans,2
wipe the keyboard,wipe the keyboard,2
decorate the ice cream,package and freeze,2
pull out the insurance ring,pull out the insurance ring,1
pour into a glass,pour some soy beans,4
hang the ironed clothes,put the clothes neatly on a ironing table,1
crop the wallpaper,make the glue,1
connect air conditioners and windows,connect air conditioners and windows,1
open the fuel tank cap,pullthe  oil gun out,1
remove the old wrapper,wrap with the new wrapper,2
remove the old wrapper,use the air pressure gun or hair drier to flatten the wrapper,3
drive the car forward,drive the car forward,1
decorate with fruit,shake the mixture,1
install legs of sofa,install legs of sofa,5
install the sofa back,install the sofa back,5
dip the glue,make the glue,1
apply detergent,make the  detergent,1
tighten the blade screw,tighten the blade screw,1
fix window board,fix window board,1
pour some soy beans,pour some soy beans,1
pour into a glass,pour into a glass,1
